"pairs","F.Model","R2","p.value","p.adjusted"
"1","C2 vs C1",1.30567883203281,0.0171111620002349,0.1814,0.1814
