"pairs","F.Model","R2","p.value","p.adjusted"
"1","C2 vs C1",0.751958796491965,0.00992659210981074,0.5144,0.5144
