"pairs","F.Model","R2","p.value","p.adjusted"
"1","C2 vs C1",1.13765207058514,0.0149420429924797,0.3114,0.3114
